secret dist.,lwe dim.,log q,usvp num,est usvp,bdd num,est bdd,output
Binary,1024,13,268,266,262,260,262
Binary,1024,18,195,194,190,190,190
Binary,1024,27,126,127,124,125,124
Binary,1024,32,105,106,103,104,103
Binary,1024,42,78,80,77,79,77
Binary,1024,54,60,62,59,61,59
Binary,2048,28,260,261,257,257,257
Binary,2048,32,225,226,223,223,223
Binary,2048,37,192,193,190,190,190
Binary,2048,53,129,130,127,129,127
Binary,2048,64,105,106,103,105,103
Binary,2048,84,78,80,77,79,77
Ternary,1024,14,263,265,258,259,258
Ternary,1024,19,191,192,187,188,187
Ternary,1024,27,130,131,127,129,127
Ternary,1024,34,100,102,99,100,99
Ternary,1024,43,78,79,76,78,76
Ternary,32768,475,255,256,255,256,255
Ternary,32768,611,190,192,190,192,190
Ternary,32768,880,126,128,126,128,126
Ternary,32768,1050,104,106,104,106,104
Ternary,32768,1400,77,79,77,79,77
