secret dist.,lambda,log q,usvp num,est usvp,bdd num,est bdd,output,pow
Ternary,80,43,1047,81,1049,80,1049,1024
Ternary,100,34,1015,101,1024,100,1024,1024
Ternary,110,32,1042,111,1053,110,1053,1024
Ternary,120,29,1021,121,1034,120,1034,1024
Ternary,128,27,1008,129,1021,128,1021,1024
Ternary,140,25,1012,141,1026,140,1026,1024
Ternary,80,1325,31973,82,31237,80,31973,32768
Ternary,100,1025,30659,101,30212,100,30659,32768
Ternary,110,1000,32681,111,32279,110,32681,32768
Ternary,120,930,32935,121,32588,120,32935,32768
Ternary,130,880,33523,131,33215,130,33523,32768
Ternary,140,810,32999,141,32732,140,32999,32768
