secret dist.,lambda,log q,usvp,est usvp,usvp_s,est usvp_s,usvp num,est usvp num,bdd,est bdd,bdd_s,est bdd_s,bdd num,est bdd num,output,pow
Binary,80,42,1036,81,1037,81,1037,81,1047,80,1050,81,1042,80,1050,1024
Binary,80,58,1432,81,1425,80,1439,81,1444,80,1445,80,1436,80,1445,1024
Binary,80,71,1754,81,1739,80,1764,81,1767,80,1766,80,1754,80,1767,2048
Binary,80,84,2075,81,2052,80,2088,81,2090,81,2088,81,2072,80,2090,2048
Binary,100,34,1038,101,1042,101,1033,101,1054,101,1055,101,1046,100,1055,1024
Binary,100,46,1402,101,1404,101,1403,101,1419,101,1419,101,1412,100,1419,1024
Binary,100,57,1735,100,1735,100,1741,101,1755,101,1754,100,1745,100,1755,2048
Binary,100,67,2039,100,2036,100,2048,101,2060,101,2059,100,2048,100,2060,2048
Binary,110,31,1037,111,1039,112,1029,110,1053,111,1055,111,1044,110,1055,1024
Binary,110,42,1401,111,1403,111,1399,111,1419,111,1418,111,1410,110,1419,1024
Binary,110,52,1731,111,1734,111,1734,111,1751,111,1750,111,1742,110,1751,2048
Binary,110,61,2029,111,2030,111,2035,111,2050,111,2050,111,2039,110,2050,2048
Binary,120,28,1019,122,1018,122,1007,120,1036,121,1037,122,1024,120,1037,1024
Binary,120,39,1412,121,1414,121,1407,121,1430,121,1430,121,1420,120,1430,1024
Binary,120,48,1734,121,1737,121,1733,121,1753,121,1753,121,1743,120,1753,2048
Binary,120,57,2056,120,2059,121,2058,121,2077,121,2078,121,2066,120,2078,2048
Binary,128,27,1046,130,1042,130,1032,128,1062,130,1063,130,1049,128,1063,1024
Binary,128,37,1425,129,1424,129,1416,128,1442,129,1441,129,1431,128,1442,1024
Binary,128,45,1728,129,1729,129,1723,129,1746,129,1746,129,1735,128,1746,2048
Binary,128,54,2069,129,2072,129,2068,129,2088,129,2090,129,2077,128,2090,2048
Binary,140,24,1016,143,1007,142,997,140,1032,142,1032,142,1016,140,1032,1024
Binary,140,34,1426,142,1422,141,1412,140,1442,141,1441,141,1429,140,1442,1024
Binary,140,41,1713,141,1712,141,1703,140,1730,141,1730,141,1718,140,1730,2048
Binary,140,49,2042,141,2043,141,2034,141,2059,141,2061,141,2047,140,2061,2048
